"id","title","description","release_year","age_certification","runtime","genres","production_country","seasons"
"1","Just the Way You Are","Modi praesentium quibusdam quia recusandae iusto at corrupti pariatur quasi. Possimus error nihil magnam eos dolores hic tempore. Quaerat sunt sunt culpa perferendis reprehenderit rem sequi totam.","2006","S","38063","Sport","ZMB","8"
"2","Dance to the Music","Voluptate beatae iste. Officia expedita quod et quia sapiente fugiat error repellendus fuga. Ab id voluptates.","2018","18","31094","Thriller,War,Family,Sport","BTN","8"
"3","Single Ladies (Put A Ring On It)","Facilis dolore debitis dolorum necessitatibus itaque dolor. Quo laborum suscipit veniam quos aliquid. Molestias optio tenetur quisquam dignissimos natus.","2011","12A","6301","Animation","MRT","10"
"4","Return to Sender","Porro eos minus delectus consequatur debitis quae molestias nihil. Natus sunt corrupti suscipit facilis dolores fugit consequatur. Quidem corporis magnam officiis iste mollitia atque mollitia a dicta.","1991","C","174","Superhero,Mystery,Musical,Sci-Fi,Western","DMA",""
"5","Hold On","Nihil iusto harum quisquam odio quidem. Minus dolorum porro dolore repellendus fugit id quo debitis reiciendis. Sed et eveniet iure quaerat.","1992","MA15+","16168","Animation,Documentary,Action,Western","MDV","2"
"6","Baby One More Time","Asperiores ratione aut sequi distinctio consequuntur fugiat. Molestias cum eaque debitis saepe ut ab. Quisquam eum commodi a porro mollitia.","1978","TV-MA","29855","Crime,Film Noir,History,Mystery,Romance","EST","4"
"7","I Can't Stop Loving You","Similique sequi mollitia ducimus explicabo rerum placeat atque numquam ipsam. Fuga quia provident quia autem eum numquam debitis inventore accusantium. Quisquam aliquid adipisci fugiat laborum repellat.","1973","TV-PG","20977","Animation,Short Film,Drama,Comedy,Sport","IRN","8"
"8","The Thing","Hic doloribus doloribus nesciunt. Sint ea sequi ea porro sit. Explicabo magni eius maiores pariatur minima illum at.","2011","R","18329","Comedy,History,Animation,Horror","TKL","5"
"9","Hurt So Good","Asperiores quisquam laudantium quo ipsa asperiores autem non dignissimos inventore. Distinctio accusantium quam in. Ex dignissimos officia odio saepe earum ipsum.","1997","T","211","Superhero,Thriller,Short Film,History","IND",""
"10","Down Hearted Blues","Explicabo tenetur dolore vel illum. Ad laborum assumenda. Rem sit eaque consectetur totam perspiciatis saepe odio.","1993","6","223","History,Sport,Documentary,Adventure","MHL",""
"11","I'll Be Missing You","Expedita qui harum nulla. Expedita animi consequuntur perferendis nihil vero voluptate. Debitis provident unde odio beatae laborum dignissimos molestiae deleniti.","1974","U/A","138","History,Thriller","CHL",""
"12","She's a Lady","Exercitationem voluptatem modi illum. Sint molestias voluptas voluptatem quam. Nihil accusamus modi alias.","2021","PG","230","Short Film,Drama,Horror","ALB",""
"13","Poker Face","Ea voluptatum eligendi quisquam dolores placeat ipsam reprehenderit quod. Occaecati illum omnis. Facilis eum in commodi fugiat.","2006","R18+","87","Film Noir,Action,Comedy","CYM",""
"14","Touch Me","Molestias ab dolor. Quia vero quaerat laboriosam neque magnam porro. Ea accusantium autem facilis.","2001","TV-Y7","148","Mystery","STP",""
"15","Somebody to Love","Labore occaecati animi minus eos eveniet. Quis veniam hic ullam magnam. Dolore fugit incidunt eos omnis labore laudantium ea sunt.","2006","R18+","27118","Thriller,Superhero","ASM","4"
"16","Just My Imagination (Running Away With Me)","Eaque et vitae dignissimos expedita pariatur perspiciatis odit. Soluta consequuntur suscipit in harum excepturi necessitatibus possimus. Adipisci recusandae repellendus minus.","1989","9","29983","Documentary,Crime,Mystery","TTO","2"
"17","Play That Funky Music","Eligendi eos magni eius libero accusantium consectetur. Similique consequuntur excepturi voluptas aliquid corporis aliquam sit eius. Laborum rem vel nisi alias.","2011","R18+","27156","Short Film","NOR","2"
"18","I Feel Love","Molestiae sed doloribus exercitationem doloribus vitae. Quas est aut debitis sit dignissimos tempore commodi voluptatum. Sunt nulla veniam occaecati ab soluta.","1987","R18+","36156","Short Film,Family,Sci-Fi","GUF","1"
"19","My Life","Quod commodi animi voluptate dolor iure possimus. Facere maiores cum voluptate. Ullam maxime facilis fuga tempora.","1996","12","32420","Comedy","LBR","4"
"20","Yeah!","Deserunt cupiditate nam odit tempora ut nostrum quis aliquid. Eum atque quis odio fugit ipsa. Libero eius dicta ratione in.","2022","12A","227","History,Drama,War,Mystery","AUT",""
"21","Born to Be Wild","Alias quo magni omnis recusandae. Dignissimos cum deserunt ullam expedita. Nam occaecati sunt perferendis incidunt a molestias itaque blanditiis odit.","1975","TV-Y","119","Drama,Crime","VCT",""
"22","Dreams","Odio aliquam odit earum sunt voluptatibus. Nobis exercitationem quis molestiae facere repellendus ipsam vitae assumenda similique. Incidunt exercitationem quo error provident harum ad iusto nostrum.","2022","18","139","Film Noir","KHM",""
"23","I Can Help","Architecto incidunt vel facere perspiciatis doloremque distinctio sint et cumque. Eveniet dolorem ducimus. Ullam sed repellendus dolor labore omnis autem quia ex ipsum.","1975","12","8543","Comedy","BRB","3"
"24","Alone Again (Naturally)","Repellat aut doloribus vitae. Provident quisquam natus ut optio omnis hic. Sint molestiae veniam.","2004","AL","75","Sport","CAN",""
"25","Royals","Repudiandae assumenda fuga. Vero accusamus doloremque earum minima. Culpa at culpa dolores adipisci voluptatem veniam ad.","2020","AL","29091","Crime,Biography,Documentary,Family,Fantasy","GMB","7"
"26","The Sweet Escape","Aliquam perspiciatis expedita dolorem numquam impedit. Veritatis nam est amet. Excepturi dolorum possimus inventore eligendi praesentium quas quam eos.","2005","TV-PG","227","Sci-Fi","ISL",""
"27","Before The Next Teardrop Falls","In nisi illo inventore ipsam. Repellendus illo explicabo dolores placeat corrupti quo. Odit unde exercitationem aperiam atque.","2007","R18","80","Superhero,History,Romance,Family,Short Film","URY",""
"28","Hey Paula","Incidunt autem dolorum labore deserunt suscipit accusamus. Distinctio exercitationem ducimus itaque voluptatum modi nihil iste. Amet quaerat consectetur earum dolor quam voluptatem aspernatur.","1974","TV-PG","37318","Sci-Fi,Western","NAM","7"
"29","My Life","Quod ipsam molestias. Quasi laudantium aut quaerat aliquam hic. Doloremque sunt quam velit.","2015","TV-Y","239","Film Noir,Western,Comedy","BVT",""
"30","In the Mood","Perspiciatis et sunt. Inventore voluptatem enim natus cum adipisci. Explicabo officiis voluptas harum optio.","1994","U","66","War,Romance,History,Western,Fantasy","MLT",""
"31","At the Hop","Accusamus soluta aut possimus similique omnis optio doloribus esse non. Nulla delectus magnam cumque. Velit repellat enim laudantium est ab nemo sit expedita dicta.","2013","M/PG","228","War,Crime,Mystery,Thriller","MNE",""
"32","I Can't Get Next to You","Eligendi exercitationem quidem molestias quisquam. Vel aliquid unde. Aliquid beatae voluptas eos officiis voluptates.","2005","GP","2700","Mystery","CYM","5"
"33","Flashdance. What a Feeling","Occaecati beatae aspernatur. Consequuntur quia non fugiat eveniet incidunt libero sit laboriosam vero. Temporibus eos nam laborum nisi.","1976","12A","11583","Adventure","BGD","2"
"34","The Morning After","Rerum sapiente optio odio iste. Voluptatum impedit itaque vitae. Ducimus in quibusdam provident accusamus debitis dicta fugit ex.","1979","C","66","Biography,Western,Drama","GHA",""
"35","I Can't Go For That (No Can Do)","Nemo provident voluptates reiciendis. Eaque neque autem amet tempore. Deleniti aliquid tempora nisi tempore aliquid occaecati.","1997","12","159","Music,Action,Crime","COK",""
"36","Cathy's Clown","Magni perferendis nisi quo reprehenderit unde. Nam aspernatur quisquam vero ea aspernatur quos. Deserunt quas odio voluptatum modi architecto.","1977","TV-G","30070","Thriller,Short Film","MDA","11"
"37","Heart of Glass","Voluptatum consequuntur laudantium. Consequatur ea ratione aperiam sint dolores nobis. Libero totam veritatis ratione quas odio nostrum nemo totam earum.","2009","TV-Y","115","Film Noir,Superhero,Western,Documentary,Sport","NZL",""
"38","Travellin' Band","Animi placeat magni. Cumque quod perferendis dolor. Rem iste eligendi enim facere corporis temporibus nostrum.","1986","TV-Y","25726","Animation,Thriller","TWN","11"
"39","Kiss On My List","Autem voluptatem mollitia ut placeat est alias itaque nisi. Minima quam alias vel cupiditate animi. Fuga inventore ullam voluptatum culpa accusamus nesciunt quisquam exercitationem.","2000","E10+","227","Fantasy,Documentary,Short Film,Drama","SHN",""
"40","Don't Leave Me This Way","Suscipit placeat delectus ad dolorem facilis tempore deserunt alias. Reiciendis provident magni itaque esse. Quam nihil inventore praesentium omnis sit.","2013","TV-PG","31765","History","MNG","3"
"41","Private Eyes","At tempora cupiditate nam eveniet at nostrum fuga vero. Impedit delectus unde dolorem ipsa accusamus dicta. Est animi laborum facilis quo illum laudantium doloremque.","2017","TV-Y7","208","Family,Superhero,Crime,Musical","IND",""
"42","Karma Chameleon","Eius dolores adipisci. Harum aperiam ut facilis alias assumenda vero ut. Quisquam sapiente eaque quod eveniet assumenda unde nisi vero.","1984","M/PG","157","Animation,Family,Western,Action","AUS",""
"43","Kryptonite","Vel accusantium harum quos excepturi. Nobis delectus libero hic itaque quibusdam nesciunt eius. Dignissimos eveniet repellendus voluptate eos.","2015","R21","83","Crime,Documentary,Drama","FIN",""
"44","Another Night","Iste aspernatur consectetur temporibus dolores ipsum. Sequi vel temporibus soluta sequi quae. Est eaque cupiditate.","1983","TV-Y","71","Horror,Documentary,Music","BOL",""
"45","Hanky Panky","Tempore molestias quae delectus officiis culpa aliquid eveniet facilis ipsam. Dolor ad eum nisi reprehenderit consectetur sit. Ea inventore ipsam sed optio dolorem sint omnis totam mollitia.","2003","TV-G","31191","Action,Biography,Comedy,Animation","CAN","10"
"46","Again","Error non a velit. Error quibusdam recusandae pariatur eveniet veniam. Fuga nemo quia ut.","1976","X18","112","Family","MSR",""
"47","I Will Always Love You","Fuga labore voluptate doloremque commodi cupiditate possimus magnam. Quo possimus nihil sequi accusantium. Veniam culpa numquam.","2001","18R","114","Short Film,History,Thriller","UGA",""
"48","Roll Over Beethoven","Repellendus neque pariatur iusto libero natus enim ea assumenda. Velit quasi odit sed ipsa dolores. Commodi nihil aliquam suscipit non enim nobis laborum.","1986","GP","149","War,Drama","SXM",""
"49","A Whole New World (Aladdin's Theme)","Inventore explicabo vero cumque quo quae facilis. Ducimus illo nostrum aliquam maxime porro temporibus. Omnis quo ipsum nulla repellat vero libero.","1987","T","27457","Western,Thriller,Romance","SWZ","8"
"50","I Gotta Feeling","Fugiat blanditiis enim facere voluptas fugit ut. Doloribus dolorem dolorum magnam consequuntur nulla necessitatibus totam. Consequatur voluptas ullam laborum quis tempora.","1997","18","194","Adventure,History,Comedy","NIU",""
"51","Like a Rolling Stone","Excepturi fugiat at unde dolores quibusdam iure eum nulla fuga. A officiis qui. Numquam porro est ipsum temporibus temporibus sit ex ipsa omnis.","2015","EC","17302","Family,Film Noir","VIR","10"
"52","You Don't Bring Me Flowers","Cupiditate illum ea. Nostrum ut ad omnis quisquam delectus sapiente totam. Voluptate reiciendis fugit cupiditate magni assumenda a tempora blanditiis consequuntur.","1995","R21","234","Film Noir,Western,Music","KHM",""
"53","I'm a Believer","Voluptates placeat explicabo unde adipisci. Nihil quam eligendi exercitationem consequuntur eius similique commodi. Illo consequuntur consequatur.","1985","18R","163","Comedy,Music","MNG",""
"54","Dancing in the Dark","Quae nihil quasi recusandae accusantium. Excepturi esse aspernatur vitae molestiae cum temporibus. Eius nihil aut in.","2013","TV-14","5227","Musical,Animation,War,Documentary,Sci-Fi","GLP","2"
"55","Stormy Weather (Keeps Rainin' All the Time)","Ut excepturi illum excepturi iure distinctio natus unde. Dicta deserunt delectus consequuntur. Consequuntur necessitatibus itaque omnis perferendis delectus ut odit.","2000","R18","17440","Adventure,Musical,Documentary","GEO","9"
"56","Higher Love","Exercitationem tempora at eligendi beatae labore eos blanditiis nobis consectetur. Dicta distinctio temporibus voluptatum. Nemo quaerat nulla beatae quo eum.","2021","9","3324","Biography,Sci-Fi,Comedy","NAM","12"
"57","I Walk the Line","Saepe quidem dolores officia et eos dolore libero cum eos. Enim voluptatibus totam provident non aliquam nobis ratione. Vero qui fuga quod commodi a ab.","1995","15","9983","Superhero,Comedy,Documentary","GHA","4"
"58","A Tree in the Meadow","Aut in quae. Ipsa optio corporis vero. Similique et molestias perferendis dolor perspiciatis libero.","2011","12A","201","Drama,Fantasy,History,Superhero","GAB",""
"59","(Just Like) Starting Over","Veniam amet corrupti cumque ducimus vitae explicabo ea. Quidem molestiae laborum molestiae nobis quidem voluptatem tenetur ipsum aliquam. Veniam dolore quia voluptas quam quas.","1984","NC-17","10221","Horror","BLR","3"
"60","Love Me Tender","Doloribus deleniti a. Aspernatur recusandae unde eum placeat tempore magnam nihil ut enim. Maiores inventore placeat.","2006","PG-13","198","Fantasy,Mystery,Animation,History,Musical","CXR",""
"61","Brother","Repellendus tenetur beatae. Accusantium maiores neque nesciunt porro architecto praesentium animi magni velit. Ratione recusandae voluptates iste illo corporis.","1975","9","28806","Fantasy,Western,Musical","PYF","3"
"62","Rush Rush","Nobis veritatis facilis velit inventore doloremque. Impedit praesentium ullam non quasi ipsa eveniet alias officiis. Soluta vitae ea ea architecto libero delectus magnam in dolores.","1986","R","19811","Adventure","BIH","8"
"63","Cry Like a Baby","Eveniet fugiat maiores. Aspernatur doloribus rem debitis placeat. Reiciendis sed molestias.","2013","C","42580","Documentary,Musical,Music,War","LTU","12"
"64","The Tide is High","Ullam voluptatem error ipsa et. Deleniti corporis corrupti corporis. Sequi optio reiciendis expedita.","2003","T","200","Musical,Superhero,Film Noir,Romance,Western","DEU",""
"65","Someday","Doloribus provident dolor. Veniam nihil ipsum placeat consequatur. Perspiciatis natus itaque accusantium voluptatibus a modi.","1983","TV-Y","42328","Musical,Crime","CHE","9"
"66","Wanted","In optio aspernatur minima neque vero. Quod similique officia voluptates facere. Tempora ullam ipsam ex aliquid neque occaecati debitis ab.","1996","R18","201","Animation,Sci-Fi","COG",""
"67","Duke of Earl","Dicta nulla autem itaque quis. Repellat non sed dolorum. Aliquam expedita esse sint a corrupti dolorem amet occaecati voluptatem.","2000","TV-PG","31130","Thriller","ROU","2"
"68","Monday Monday","Cum ea a itaque nihil tenetur voluptates aliquid. Facere labore dolorem corrupti. Dolorem beatae quam deleniti.","2013","9","170","Horror,Action,Crime","ARG",""
"69","I Wanna Dance With Somebody (Who Loves Me)","Impedit laboriosam omnis id vel ipsa iusto ut. Iure repellat incidunt id amet voluptates rerum. Ipsam blanditiis earum odit nemo laboriosam labore sint.","1977","U/A","185","Animation,Action","TKL",""
"70","Buttons & Bows","Beatae libero vero repellat. Voluptates necessitatibus eum fugiat adipisci deleniti necessitatibus maxime commodi. Tempore quisquam fuga omnis aperiam beatae nihil.","2017","R","34333","Romance,Musical,Horror,Action,Family","PRY","6"
"71","I Need You Now","Id accusantium dicta cum velit ullam illo sunt culpa. Quam voluptate commodi harum cupiditate. Natus repellendus laudantium officia rerum repellendus praesentium nihil est in.","1983","T","8930","Musical","UMI","3"
"72","Baby Love","Nobis soluta quia magni adipisci nihil tenetur inventore. Est amet voluptas dolorem cupiditate laboriosam officia ad. Debitis provident nihil animi necessitatibus.","2008","E","207","Short Film","CHN",""
"73","You Belong With Me","Soluta unde neque sapiente hic nihil. Quis ex id rerum autem aliquid quos aliquam illo incidunt. Iure esse error.","1993","GP","188","Sci-Fi,Musical","LUX",""
"74","Higher Love","Eaque aspernatur consectetur laudantium magnam doloribus harum. Odio at soluta consectetur vitae. Perferendis cum similique dolorum hic minus harum natus rem ad.","2014","E","150","Sci-Fi,Romance,Biography,Action,Film Noir","HMD",""
"75","Silly Love Songs","Ratione pariatur sequi quos. Debitis ab at aliquam nemo quibusdam tempora officiis. Placeat perspiciatis saepe unde.","1979","TV-MA","88","Musical,Animation,Biography,Short Film,Crime","GGY",""
"76","Need You Tonight","Hic dolores eos nostrum quia sint tempore vitae. Odit repellat recusandae sequi cupiditate consequatur sint quas iure. Ipsum dolore inventore sunt dolorum eum quod omnis laboriosam.","1982","A","10270","Action,Biography","FSM","2"
"77","Nothing Compares 2 U","Beatae error aperiam omnis provident ab consectetur voluptate architecto. Tempora et repudiandae autem. Dolorum vero illo dicta quidem rerum facilis.","1995","U","5220","Musical,Family","NZL","8"
"78","Single Ladies (Put A Ring On It)","Eligendi libero vitae odio sed est magni cumque ipsa magni. Voluptates nam quidem quos enim quis saepe. Molestias aliquam accusantium dicta fugiat dicta.","1976","E","16955","Fantasy,Western,Music,Romance,Mystery","MDV","12"
"79","Green Onions","Unde neque pariatur exercitationem asperiores nulla debitis et nobis accusamus. A sit suscipit nisi ipsa consectetur. Eaque eum tempore itaque corporis.","1993","18","26824","War,Crime","BFA","6"
"80","Till The End of Time","Fugiat eum at quidem adipisci. Numquam explicabo eaque. Quia aspernatur iste possimus explicabo error quaerat.","2016","12A","107","Biography,Action,Sci-Fi","BEL",""
"81","Bennie & the Jets","A ipsa est quos laudantium iure voluptas reiciendis incidunt. Cumque voluptate corrupti minus quibusdam. Dolorem excepturi ad deleniti non corporis fuga officiis rem.","1993","EC","128","Fantasy","ZAF",""
"82","Swinging On a Star","Molestiae maxime facere fugit animi quasi quasi aut magnam. Atque impedit quasi. Ea hic doloremque cupiditate autem deleniti.","1989","X18","6994","Sport,Mystery,Family,Superhero","PHL","2"
"83","Blaze of Glory","At accusantium itaque debitis perspiciatis fugiat repellendus unde debitis. Dicta voluptatibus ut magnam voluptatibus. Adipisci aliquam sed id blanditiis laborum.","2015","E","39885","Music,Family,Adventure","GIN","4"
"84","Only The Lonely (Know The Way I Feel)","Quia ratione pariatur incidunt repellendus possimus optio. Soluta delectus voluptates itaque vel aut occaecati rem. Nesciunt eligendi quasi itaque nisi iste necessitatibus quas et quos.","2023","GP","233","Biography,Adventure,Superhero,Horror,Drama","MMR",""
"85","I Got You Babe","Iure delectus consequatur molestiae itaque non aliquid ipsam dicta ipsum. Magnam velit fugiat. Odio vel molestias optio architecto et error quam similique numquam.","1988","9","96","Documentary,Film Noir","IRQ",""
"86","The Letter","A nemo vero neque eveniet similique placeat. Eum molestiae ut. Ex ipsam saepe tempore nesciunt nesciunt sequi.","1975","CA","16834","Music,Thriller,Comedy","LBN","6"
"87","Nothing's Gonna Stop Us Now","Incidunt amet voluptas enim sequi autem sit. Commodi officia nam pariatur ducimus molestias dolore. Qui sapiente alias adipisci dolorum laboriosam architecto voluptatibus eveniet.","2007","TV-MA","216","Romance","ECU",""
"88","Make it With You","Illum delectus laudantium nulla voluptatum tempora sed repellendus delectus molestias. Hic ipsa itaque odit similique cum. Vitae voluptatum hic architecto provident recusandae cum omnis dicta corporis.","2013","E","1084","Comedy,Adventure,Romance","KWT","12"
"89","Touch Me","Perferendis voluptate maxime suscipit. Ducimus in harum maxime earum quibusdam dolorem accusantium alias. Earum ducimus ullam alias voluptates.","2017","X18","39874","Thriller,Music,Action,History,Superhero","KNA","11"
"90","Stayin' Alive","Nemo laborum expedita. Facilis veniam voluptate nemo. Reiciendis sapiente fuga temporibus rerum velit.","2018","6","91","History,Sci-Fi,Thriller","FIN",""
"91","This Diamond Ring","Suscipit quo omnis quis nobis eligendi velit. Laudantium cumque veniam est deleniti dolorem. Magni porro assumenda sit aperiam hic quibusdam fuga consectetur.","2021","TV-14","174","Family","GRC",""
"92","Good Vibrations","Inventore deserunt esse in doloremque ducimus. Soluta iure reprehenderit repellat veniam alias esse minus. Sint necessitatibus numquam error expedita explicabo id quidem consectetur.","2005","G","14935","Sport,Action,Family","BMU","8"
"93","Chapel of Love","Amet rem aut doloribus quis illo. Modi ad est minus ducimus aperiam quos aliquam sequi. Eaque excepturi minima sit facilis ratione illum voluptates ut.","1974","CA","202","Sci-Fi,Western,Music,Crime,War","DZA",""
"94","West End Blues","Suscipit dolorem sapiente pariatur. Vitae modi magnam temporibus magnam facere aliquam nemo ab. In dolorum consequatur.","1988","R","31689","Adventure,History","FRA","10"
"95","Last Train to Clarksville","Quaerat magni ab corporis. Possimus aliquid at maxime accusamus quae corrupti optio dicta in. Recusandae quod voluptatum similique repellendus ducimus voluptatibus doloremque autem.","1975","C","14216","Sport","PSE","8"
"96","Disco Lady","Delectus cum quidem eos eveniet saepe possimus temporibus. Incidunt adipisci odio ex labore architecto vitae error tenetur aspernatur. Modi neque quis aspernatur officia rem facilis molestias earum.","2017","18","35033","Superhero","PLW","10"
"97","Addicted to Love","Sed repellat optio quos fugiat. Quo fugiat natus numquam quas quia veritatis beatae cum. At ad vero laboriosam temporibus.","1993","PG-13","76","Animation,Film Noir,Sci-Fi,Thriller,Romance","URY",""
"98","Dreamlover","Aut quis maxime. Modi eum numquam accusamus corporis sunt alias voluptas reiciendis. Necessitatibus itaque deserunt.","1994","CA","30094","War,Sci-Fi,History,Animation","LCA","7"
"99","Funkytown","Corporis sapiente consequuntur sequi deserunt aliquid necessitatibus ex debitis totam. Cumque quia quia dolor suscipit consectetur harum. Amet ipsum blanditiis.","2018","R16","111","Sci-Fi","JPN",""
"100","(I've Had) the Time of My Life","Similique reprehenderit ratione magnam nostrum. Earum similique ipsum dolore quod ducimus. A sequi dolore explicabo unde fuga repudiandae inventore.","2023","T","103","Biography","ESH",""